[{"model": "admin.logentry", "pk": 1, "fields": {"action_time": "2021-07-27T16:47:30.764Z", "user": 1, "content_type": 14, "object_id": "28", "object_repr": "Light Pink Shoes", "action_flag": 2, "change_message": "[{\"changed\": {\"fields\": [\"Has sizes\"]}}]"}}, {"model": "admin.logentry", "pk": 2, "fields": {"action_time": "2021-07-27T16:47:39.205Z", "user": 1, "content_type": 14, "object_id": "29", "object_repr": "Fun Leather Baby Shoes - Boto Pink Strawberry", "action_flag": 2, "change_message": "[{\"changed\": {\"fields\": [\"Has sizes\"]}}]"}}, {"model": "admin.logentry", "pk": 3, "fields": {"action_time": "2021-07-27T16:47:48.234Z", "user": 1, "content_type": 14, "object_id": "30", "object_repr": "Baby Shoes Sneakers for Infant Toddler", "action_flag": 2, "change_message": "[{\"changed\": {\"fields\": [\"Has sizes\"]}}]"}}, {"model": "admin.logentry", "pk": 4, "fields": {"action_time": "2021-07-27T16:47:57.024Z", "user": 1, "content_type": 14, "object_id": "31", "object_repr": "Canvas Sneakers", "action_flag": 2, "change_message": "[{\"changed\": {\"fields\": [\"Has sizes\"]}}]"}}, {"model": "admin.logentry", "pk": 5, "fields": {"action_time": "2021-08-03T21:15:02.733Z", "user": 1, "content_type": 15, "object_id": "4", "object_repr": "A89EA6C6FD4441D2999F5208EEB6C8DE", "action_flag": 2, "change_message": "[{\"changed\": {\"name\": \"order line item\", \"object\": \"SKU pp5001730010 on order A89EA6C6FD4441D2999F5208EEB6C8DE\", \"fields\": [\"Quantity\"]}}]"}}, {"model": "admin.logentry", "pk": 6, "fields": {"action_time": "2021-08-03T21:15:54.470Z", "user": 1, "content_type": 15, "object_id": "4", "object_repr": "A89EA6C6FD4441D2999F5208EEB6C8DE", "action_flag": 3, "change_message": ""}}, {"model": "admin.logentry", "pk": 7, "fields": {"action_time": "2021-08-03T21:18:02.106Z", "user": 1, "content_type": 15, "object_id": "3", "object_repr": "0586EC2FD15C434294948F52EB7322C4", "action_flag": 2, "change_message": "[{\"changed\": {\"name\": \"order line item\", \"object\": \"SKU pp5001600425 on order 0586EC2FD15C434294948F52EB7322C4\", \"fields\": [\"Quantity\"]}}]"}}, {"model": "admin.logentry", "pk": 8, "fields": {"action_time": "2021-08-08T00:31:32.978Z", "user": 3, "content_type": 14, "object_id": "40", "object_repr": "Girl Dungarees", "action_flag": 3, "change_message": ""}}, {"model": "admin.logentry", "pk": 9, "fields": {"action_time": "2021-08-08T00:31:33.011Z", "user": 3, "content_type": 14, "object_id": "39", "object_repr": "test", "action_flag": 3, "change_message": ""}}, {"model": "auth.user", "pk": 1, "fields": {"password": "pbkdf2_sha256$260000$b6S4wZVajI4aHHDCxSywoj$UUs4ERKCEKp0kdE1ypI5y9KlGavhPON2ncjbC167o/w=", "last_login": "2021-08-08T00:25:03.093Z", "is_superuser": true, "username": "imisssummer5", "first_name": "", "last_name": "", "email": "imisssummer@someemail.com", "is_staff": true, "is_active": true, "date_joined": "2021-06-27T18:47:28.406Z", "groups": [], "user_permissions": []}}, {"model": "auth.user", "pk": 2, "fields": {"password": "pbkdf2_sha256$260000$W4Pv0O5u0EzRH5b94XLsrF$JlGUc5eMWFokg0BzulMOk30gMpmuZqMd0+CusBXUetw=", "last_login": "2021-08-09T08:33:18.828Z", "is_superuser": false, "username": "test123", "first_name": "", "last_name": "", "email": "test@test.com", "is_staff": false, "is_active": true, "date_joined": "2021-08-07T20:07:31.528Z", "groups": [], "user_permissions": []}}, {"model": "auth.user", "pk": 3, "fields": {"password": "pbkdf2_sha256$260000$M4olLyUn7RaGRPWrBkomRs$FUeMCCKNYi5aokc+rMdb1vR/DIhrvS9Dxh++eBQQ4zg=", "last_login": "2021-08-09T08:35:02.380Z", "is_superuser": true, "username": "imisssummer", "first_name": "", "last_name": "", "email": "imisssummer@something.com", "is_staff": true, "is_active": true, "date_joined": "2021-08-08T00:19:52.891Z", "groups": [], "user_permissions": []}}, {"model": "sessions.session", "pk": "04lmei4eno04vfd1wj1picfwx8wqzpms", "fields": {"session_data": "e30:1mCWY0:G4LX28bdfTi-y3edgfBi5AEaUCiikgQw2ecx1armZU4", "expire_date": "2021-08-22T00:20:12.851Z"}}, {"model": "sessions.session", "pk": "25orpp6tq4jfbkfjf3nkz29qf4u1hfgk", "fields": {"session_data": "eyJiYWciOnt9fQ:1m8clc:Fnyf8JBwneEpf-R-MAU_VpZYRri6dshmCkzRxp2Eqa0", "expire_date": "2021-08-11T06:10:08.437Z"}}, {"model": "sessions.session", "pk": "2fm1zcxnm0fdcyfnxe784dvflh5yv3x0", "fields": {"session_data": ".eJxVjDsOgzAQRO-yNbLwJraxy_Q5A1rv2kASgcSnQtw9WKJIqtHMG70dWtrWvt2WNLeDQAAN1e8Wid9pLEBeNHaT4mlc5yGqclEXXdRzkvR5XN8_QU9LX7TinSapG0E0XjKhWIqmFtegZJsoe-fZNpljJmPQaYuCnO7Clm3iUxqpg7DDDQJW4CBoXcHtbGdgieP4AknDQHE:1m8PVb:MxQ5776-8zyFStO5rSDQQYxIJnOgDawCSi2UWcycBoI", "expire_date": "2021-08-10T16:00:43.843Z"}}, {"model": "sessions.session", "pk": "2nhm851m5wrg7o580o5ap2h7254vb2z3", "fields": {"session_data": "e30:1mCWTK:Dh7DNNu_3MQaYgguH-2l7ERIYb7ZNq9BP6dGvyD9xTQ", "expire_date": "2021-08-22T00:15:22.356Z"}}, {"model": "sessions.session", "pk": "5xhbht29q722dimyykyukk4soh20r1cl", "fields": {"session_data": ".eJyrVkpKTFeyqlYytACRmSWpucXxSZXxxZlVqSCBYiUrk9paHSUTrLK5SlaGOiA1hrVAAACyOxi1:1m8T9g:bD5CB3AldywjRmpdsSeBCivEbPY1lrmKrjGdaz4d9hk", "expire_date": "2021-08-10T19:54:20.321Z"}}, {"model": "sessions.session", "pk": "664v6jj0bhbiwa8f33iw275v8t97uqdl", "fields": {"session_data": ".eJyrVkpKTFeyqlYyBhGZJam5xfFJlfHFmVWpIIFcJSvj2lodJUM8srW1ABbXFyk:1m8U7H:YBtufEKleVy2mnsaEkOJBaMxWhgTVQ25C1rN4Qu-YDY", "expire_date": "2021-08-10T20:55:55.802Z"}}, {"model": "sessions.session", "pk": "719c84cw9hnfsj0o6h1mklmkgmwsvq0l", "fields": {"session_data": "e30:1mCUcR:62fW0Wesa2ilTDeVNmpZpWItnuqbnq1G7XFL58mKsVg", "expire_date": "2021-08-21T22:16:39.112Z"}}, {"model": "sessions.session", "pk": "9tuk19nqs65eg1ty9j8o4zoepnovibbu", "fields": {"session_data": "e30:1mCUau:pgqauDweN3kmu9mxzQ8MepT-1NkQrFIYv3os74VXxs4", "expire_date": "2021-08-21T22:15:04.770Z"}}, {"model": "sessions.session", "pk": "dek5awj2ujbfs56kqkvpl8jmj7imx0qt", "fields": {"session_data": ".eJxVjMsKwjAQAP8lZwnNYl4evfsNYbO7MVVJoWlP4r9LoAe9zgzzVgn3raa9y5pmVhdl1OmXZaSntCH4ge2-aFrats5Zj0QftuvbwvK6Hu3foGKvY8vRG-QpMICNXBDYYbYT-wBcnGCJPpILhXJBa8EbBwwkZyZHTkh9vv0oOP4:1lxaI1:pU-BWc-cGl5mzOrdvwEZflcBLzDzLpa_Qus145sqBrg", "expire_date": "2021-07-11T19:17:57.876Z"}}, {"model": "sessions.session", "pk": "e9oluc6gf5yykwz95nk2vq1gk5n140r3", "fields": {"session_data": "eyJiYWciOnsiMyI6eyJpdGVtc19ieV9zaXplIjp7Im0iOjEsInMiOjd9fX19:1m8UQ8:bgCksRTKXV-FjUJLsyUB2ZE4ukmZ1HTR4fZwBiEbiLY", "expire_date": "2021-08-10T21:15:24.048Z"}}, {"model": "sessions.session", "pk": "f5fxoofazzk8fujs6gt2jc4xss0yopc6", "fields": {"session_data": ".eJxVjEEOgjAQRe_StWmGVIbC0r1naGaYQaqmNRQSjfHuQsJCt_-9_94m0DKPYSk6hSimM84cfjem_qZpA3KldMm2z2meIttNsTst9pxF76fd_QuMVMb17dELCBBxVTE7h65GgBalYkFmT4LOtdqg-N6vWIVajzjocGygBt2iRUuJOQV9PuL0Mh18vodGPxY:1mD0kQ:52yL3KGurazh8zttKpVAdFDYxRfZmq-NV-BiyagFLrM", "expire_date": "2021-08-23T08:35:02.573Z"}}, {"model": "sessions.session", "pk": "f801aijn92aqplwts6jntdbyr9f2nmkq", "fields": {"session_data": "eyJiYWciOnsiMiI6eyJpdGVtc19ieV9zaXplIjp7Im0iOjF9fX19:1mB01f:Y8c6fztpsdKz_GJ_8aqmo38YVLfSuhlBO0jmhD2FpDE", "expire_date": "2021-08-17T19:24:31.783Z"}}, {"model": "sessions.session", "pk": "ffurr9m60r6ig4jpghyonwy3kj4so8sw", "fields": {"session_data": "e30:1mCWT3:aX7NaqX2jUkdHCYCzQ1tfCggZPvIe6YKTPb6xV11-74", "expire_date": "2021-08-22T00:15:05.615Z"}}, {"model": "sessions.session", "pk": "hau0mkd3p9lxzidf6694hws1igaqslbz", "fields": {"session_data": ".eJyrVkpKTFeyqlYyBhGZJam5xfFJlfHFmVWpIIFcJSvD2lodJTNcsqYgWWNTJSvj2loAugcYcw:1m8UPG:YDfVm0V6qpE4TrNDWVKxqDMKjQcUhOrBMzZvJnC4qx0", "expire_date": "2021-08-10T21:14:30.113Z"}}, {"model": "sessions.session", "pk": "lsbgf78pq9p6ycpmof3l064sldoko2td", "fields": {"session_data": ".eJxVjMEOgjAQRP9lz6ZhC6WtR-9-Q9PuLoKaNqHgxfjvQsKF0yTz3swXavxImPJQ4LrMq1wgxHUZw1plDhPDFRBOXYr0krwDfsb8KIpKXuYpqV1RB63qXljet8M9HYyxjttaY99a6roWDXGfiKx4PTC6xnjtPUZLDlGTSa1uyLstiK0RP2jHnXfw-wMYHT1F:1mBuGP:Z3YsoZwDu3yAsPQViolJ2RHiGjytPg3Tm3ts6DoiQ28", "expire_date": "2021-08-20T07:27:29.509Z"}}, {"model": "sessions.session", "pk": "ntm2tx4i2rmqeaq80wbgdldkys7zdmid", "fields": {"session_data": ".eJyrVkpKTFeyqlYyAhGZJam5xfFJlfHFmVWpIIFcJSuj2lodJWMDJSsLHSVDM6yqcpSsDGuBAACubxif:1m8SKO:klLiv_a3dWBnWlEMtXtmkpeF4PCNOgtX-Yfr0I6F5B4", "expire_date": "2021-08-10T19:01:20.611Z"}}, {"model": "sessions.session", "pk": "p084gijoolgd7qd7oge72kj76fvniilh", "fields": {"session_data": "e30:1mCUgT:xs1O6xsbm3fsSpWJR4jegUu_0blmefYIf195Bl88q_Q", "expire_date": "2021-08-21T22:20:49.680Z"}}, {"model": "sessions.session", "pk": "t4rdfojycfkhitn1vpytr3ic91i8ur8a", "fields": {"session_data": "e30:1mCUfE:MUAnHove2TZkRLe7yi9SW3CFAbZom0fzW2xaAbqaGG8", "expire_date": "2021-08-21T22:19:32.154Z"}}, {"model": "sessions.session", "pk": "tcae0b5y0bdqh3qjrnjfhp4rt1cmyptw", "fields": {"session_data": "e30:1mCUcM:9Nua8zBWCF919oyURn553R9LB6XrcHxd_mBPsIlqTxE", "expire_date": "2021-08-21T22:16:34.056Z"}}, {"model": "sessions.session", "pk": "tfcpqhrepg1igh8t69sbcrjqcpz0p3ca", "fields": {"session_data": "e30:1mCUec:BwpnBGMqw7cQRPkQ7_AiOr_ANyMS94KOsh1E7x1qcO8", "expire_date": "2021-08-21T22:18:54.089Z"}}, {"model": "sessions.session", "pk": "u3ohsi5pc6qtmfr32m3xwbhgskpq32bl", "fields": {"session_data": "e30:1mCUhm:oooYCIGTnhiOm1iweP2jDO9uxVnOpKPqEM2tEYa2ewU", "expire_date": "2021-08-21T22:22:10.594Z"}}, {"model": "sessions.session", "pk": "u5bfp1ti52ngbes22vzfwf3iz4z0zi27", "fields": {"session_data": "e30:1mCWSb:40zKt0VjIJ1y5BJLW_KPKWFR6IS7zqoRPkmvZhFvsm0", "expire_date": "2021-08-22T00:14:37.974Z"}}, {"model": "sessions.session", "pk": "uvetrp36xswc04ee5ide5y8o5fu3nrg1", "fields": {"session_data": "e30:1mCUfl:thuOmknhMCoihCkbPATdGz_R-bLRBpeJ51JweXLPt0Y", "expire_date": "2021-08-21T22:20:05.272Z"}}, {"model": "sessions.session", "pk": "vdbwtl4b0b90opvupfgcf9o2brv4irks", "fields": {"session_data": "eyJfc2Vzc2lvbl9leHBpcnkiOjB9:1mCUbw:tUpLI3SfuUNSqRl40NTCiAJCsH5eabw3cmDfZ82m8mQ", "expire_date": "2021-08-21T22:16:08.351Z"}}, {"model": "sessions.session", "pk": "xpzdmrpsdvy6p6v74woqszl17v5an16j", "fields": {"session_data": ".eJxtzE0KgzAQBeC7zFrEpJqoy-57hjDJJGrrDxiFtuLdayBdCG5m8b43bwONDdQb3MLpFjt4pT_Kd18bAg812_cEWHbJ7z46v_b_e36pw6FJ7BwlhevSqtXbWXUENTA4ZRrNy44B6IljM6VmGpe502mopFF9-pjI9vfYPQ206NswS5VkSFlJnBcVOeQkUBcZyZKTExZdJSsjSme0w6LgkglO3NicjDDCGth_nCZlQQ:1m8QHL:FNi2mTR_O7i90_4PxHT7q6Rf-RiQ6VaR1EndENnzBrQ", "expire_date": "2021-08-10T16:50:03.078Z"}}, {"model": "sessions.session", "pk": "y7l71l5l777nvuwc44jn1li0yljxp8v2", "fields": {"session_data": ".eJyrVkpKTFeyqlYyAxGZJam5xfFJlfHFmVWpIIFcJSuj2lodJUOc0iYgaSNcsoa1QAAAcNohPg:1m8cOE:rpZ1qLLtyi8_SIKdwlvhZmJSkR6e8le9V0HCKdYiFco", "expire_date": "2021-08-11T05:45:58.620Z"}}, {"model": "sessions.session", "pk": "zhgk9d8bc02airli225qgnbx4ib6x3dj", "fields": {"session_data": "e30:1mCUh8:1Fd-mLxLalBM7aRTaxzDoleckoRaT8yCxXd9eXJEyRY", "expire_date": "2021-08-21T22:21:30.078Z"}}, {"model": "sessions.session", "pk": "zmjqmbx5nsdmlic50g4ecv7dv2o88ijo", "fields": {"session_data": "e30:1mCWcg:Hjspbs_7-yPba7rHy088626GNbB_4WcoGBaq5YWieWY", "expire_date": "2021-08-22T00:25:02.817Z"}}, {"model": "sites.site", "pk": 1, "fields": {"domain": "example.com", "name": "example.com"}}, {"model": "account.emailaddress", "pk": 1, "fields": {"user": 1, "email": "imisssummer@someemail.com", "verified": true, "primary": true}}, {"model": "account.emailaddress", "pk": 2, "fields": {"user": 2, "email": "test@test.com", "verified": true, "primary": true}}, {"model": "account.emailaddress", "pk": 3, "fields": {"user": 3, "email": "imisssummer@something.com", "verified": true, "primary": true}}, {"model": "products.category", "pk": 1, "fields": {"name": "dungarees", "friendly_name": "Dungarees"}}, {"model": "products.category", "pk": 2, "fields": {"name": "shirts", "friendly_name": "Shirts"}}, {"model": "products.category", "pk": 3, "fields": {"name": "pants", "friendly_name": "Pants"}}, {"model": "products.category", "pk": 4, "fields": {"name": "jackets", "friendly_name": "Jackets"}}, {"model": "products.category", "pk": 5, "fields": {"name": "shoes", "friendly_name": "Shoes"}}, {"model": "products.category", "pk": 6, "fields": {"name": "prams_and_trolleys", "friendly_name": "Prams and Trolleys"}}, {"model": "products.category", "pk": 7, "fields": {"name": "toys", "friendly_name": "Toys"}}, {"model": "products.product", "pk": 1, "fields": {"category": 1, "sku": "pp5001340155", "name": "Blouse Corduroy Dungarees Combo", "description": "This set presents dungarees and a long-sleeved shirt with popper fastenings at the shoulder. Your baby girls needs to have one!", "has_sizes": true, "price": "34.00", "image_url": "https://media.vertbaudet.com/Pictures/vertbaudet/166180/blouse-corduroy-dungarees-combo-for-baby-girls.jpg?width=457", "image": "dungaree_1.jpg"}}, {"model": "products.product", "pk": 2, "fields": {"category": 1, "sku": "pp5001600425", "name": "Set of hat, bodysuit and dungarees.", "description": "This set presents hat, bodysuit and the navy dungarees with marine motif and would be ideal for warm days.", "has_sizes": true, "price": "58.99", "image_url": "https://media.vertbaudet.com/Pictures/vertbaudet/142741/newborn-baby-ensemble-hat-bodysuit-and-dungarees.jpg", "image": "dungaree_2.jpg"}}, {"model": "products.product", "pk": 3, "fields": {"category": 1, "sku": "pp5001730010", "name": "Purple Velvet Dungaree", "description": "Add a 5-star feel to your baby girl with this beautiful purple dungarees with a straight neckline and front button fastening.", "has_sizes": true, "price": "23.99", "image_url": "http://s7d9.scene7.com/is/image/JCPenney/DP1230201417013175M.tif?hei=380&amp;wid=380&op_usm=.4,.8,0,0&resmode=sharp2&op_usm=1.5,.8,0,0&resmode=sharp", "image": "dungaree_3.jpg"}}, {"model": "products.product", "pk": 4, "fields": {"category": 1, "sku": "pp5001890157", "name": "Dungaree Set for the youngest", "description": "Did we hear comfy? Here it is, a simple, light green dungaree for your child. It comes with light grey long sleeve shirt, so pour yourself a bit of wine while your child is sleeping comfy..", "has_sizes": true, "price": "19.99", "image_url": "https://totsbabyshop.ie/wp-content/uploads/2021/05/baby-dungaree-set.jpg", "image": "dungaree_4.jpg"}}, {"model": "products.product", "pk": 5, "fields": {"category": 1, "sku": "pp5002111605", "name": "Baby Grey Dungaree Outfit", "description": "Durable and stylish, your boy will enjoy this dungaree outfit.", "has_sizes": true, "price": "15.99", "image_url": "https://images.riverisland.com/is/image/RiverIsland/baby-grey-dungaree-outfit_487778_main?$productImageLarge$", "image": "dungaree_5.jpg"}}, {"model": "products.product", "pk": 6, "fields": {"category": 1, "sku": "pp5002260206", "name": "Knitted Dungaree", "description": "So soft, is like your grandma made it. This warm, light pink dungaree with button fastening is something that every baby girl wants.", "has_sizes": true, "price": "30.99", "image_url": "https://i.pinimg.com/originals/5d/c0/27/5dc027ae65174103d0e6b57964d42b7f.jpg", "image": "dungaree_6.jpg"}}, {"model": "products.product", "pk": 7, "fields": {"category": 1, "sku": "pp5002440521", "name": "White Cotton Dungaree", "description": "Let your baby walk a little lighter in this cotton dungaree, perfectly suited for warm days.", "has_sizes": true, "price": "22.00", "image_url": "https://www.emileetida.com/5560-large_default/gaze-de-coton.jpg", "image": "dungaree_7.jpg"}}, {"model": "products.product", "pk": 8, "fields": {"category": 1, "sku": "pp5002601115", "name": "Yellow Cotton Dungaree", "description": "Let your baby walk a little lighter in this cotton dungaree, perfectly suited for warm days.", "has_sizes": true, "price": "22.00", "image_url": "https://www.emileetida.com/5559-large_default/gaze-de-coton.jpg", "image": "dungaree_8.jpg"}}, {"model": "products.product", "pk": 9, "fields": {"category": 1, "sku": "pp5002690715", "name": "Jeans Dungaree", "description": "First day at creche for your baby boy? Want to leave a nanny in awe? Put it in the cart!", "has_sizes": true, "price": "19.99", "image_url": "https://cdn.shopify.com/s/files/1/0336/7256/0684/products/7325854942799_2_2048x2048.jpg?v=1605410103", "image": "dungaree_9.jpg"}}, {"model": "products.product", "pk": 10, "fields": {"category": 4, "sku": "pp5002701115", "name": "Pink Floral Cosy Popper Lightweight Jacket", "description": "Perfect for in-between days, this lightweight jacket is made in a soft and cosy fleece jersey fabric. With an all-over floral print and a fixed hood with ear details. Designed with nickel-free poppers to protect against irrtiation. 100% Cotton.", "has_sizes": true, "price": "33.99", "image_url": "https://xcdn.next.co.uk/COMMON/Items/Default/Default/ItemImages/SearchAlt/224x336/464984.jpg", "image": "jacket_1.jpg"}}, {"model": "products.product", "pk": 11, "fields": {"category": 4, "sku": "pp5002761055", "name": "Boy's Nautical Windbreaker", "description": "Baby boy's lightweight red windbreaker jacket, features contrasting navy trim, and a navy and white pinstripe lining. The hood is also detachable.", "has_sizes": true, "price": "59.99", "image_url": "https://cdn.shopify.com/s/files/1/0446/1926/8259/products/mayoral-boys-nautical-windbreaker-hibiscus-01412.jpg?v=1611338129", "image": "jacket_2.jpg"}}, {"model": "products.product", "pk": 12, "fields": {"category": 4, "sku": "pp5002820069", "name": "Star Print Hooded Parka", "description": "Olive parka with front pockets with flaps closed by press studs and small drawstring at the waist. Your girl will like it!", "has_sizes": true, "price": "45.99", "image_url": "https://www.emmasdiary.co.uk/images/default-source/baby-clothing/baby-coats/2.jpg?sfvrsn=79a837b3_2", "image": "jacket_3.jpg"}}, {"model": "products.product", "pk": 13, "fields": {"category": 4, "sku": "pp5002820147", "name": "Baby Coat Boys Winter Jackets", "description": "Cozy hooded black winter jacket with warm overlay.", "has_sizes": true, "price": "20.00", "image_url": "https://image.dhgate.com/0x0s/f2-albu-g9-M01-AB-43-rBVaVV3XYP6AA2qcAAJTubaJyck145.jpg/baby-coat-boys-winter-jackets-for-children.jpg", "image": "jacket_4.jpg"}}, {"model": "products.product", "pk": 14, "fields": {"category": 3, "sku": "pp5002910572", "name": "Baby Pants", "description": "SHandmade baby pants in grey sweat fabric (very soft) and striped cuffs in turquoise. These comfortable pants are made from sweat fabric. The elastic waistband is one of the most comfortable things in the world for little kids.", "has_sizes": true, "price": "16.99", "image_url": "https://i.etsystatic.com/18179249/r/il/03f6ce/1751206328/il_794xN.1751206328_5axp.jpg", "image": "pants_1.jpg"}}, {"model": "products.product", "pk": 15, "fields": {"category": 3, "sku": "pp5002990740", "name": "Red Baby Pants", "description": "These basic knit pants are everything baby pants should be: comfy, easy, and cute! They are a simple, unisex design with a loose elastic waist and some room in the legs (not skin tight like a legging).", "has_sizes": true, "price": "48.99", "image_url": "https://i.etsystatic.com/5716710/r/il/1e307b/2354186615/il_570xN.2354186615_2xx2.jpg", "image": "pants_2.jpg"}}, {"model": "products.product", "pk": 16, "fields": {"category": 3, "sku": "pp5003050248", "name": "Warm Cotton Leggings", "description": "Perfect as an outdoor outwear. These cosy pants are the great gift for baby shower or as a birthday gift.", "has_sizes": true, "price": "9.99", "image_url": "https://images-na.ssl-images-amazon.com/images/I/61Wmhl7y9VL._AC_UX522_.jpg", "image": "pants_3.jpg"}}, {"model": "products.product", "pk": 17, "fields": {"category": 3, "sku": "pp5003070787", "name": "Denim Pants", "description": "This double brushed polyester denim look harem pant is great for faking the jean look with all the comfort of loose harem pants. The harem pattern is a drop crotch style that's tight in the legs.", "has_sizes": true, "price": "24.99", "image_url": "https://i.etsystatic.com/14758797/r/il/ec2d8e/1512834475/il_794xN.1512834475_tsgg.jpg", "image": "pants_4.jpg"}}, {"model": "products.product", "pk": 18, "fields": {"category": 3, "sku": "pp5003090182", "name": "Leigh Tucker Willow Spike Baby Pants", "description": "Cotton-rich baby pants with soft spikes and a pouch pocket. Brought to you by Irish designer Leigh Tucker.", "has_sizes": true, "price": "19.99", "image_url": "https://dunnes.btxmedia.com/pws/client/images/catalogue/products/5078219/zoom/5078219_grey.jpg", "image": "pants_5.jpg"}}, {"model": "products.product", "pk": 19, "fields": {"category": 3, "sku": "pp5003090186", "name": " Little Baby Boys and Girl Ripped Western Jeans", "description": "Make your Prince and Princess more Adorable with these ripped western jeans.", "has_sizes": true, "price": "20.99", "image_url": "https://m.media-amazon.com/images/I/81w+aMozKVL._SL1500_.jpg", "image": "pants_6.jpg"}}, {"model": "products.product", "pk": 20, "fields": {"category": 3, "sku": "pp5003161326", "name": "Baby Maya Jeans", "description": "Stylish girl in the city jeans.", "has_sizes": true, "price": "20.99", "image_url": "https://i.pinimg.com/originals/e5/69/b2/e569b29a46c70bf4c763c3db685c2032.jpg", "image": "pants_7.jpg"}}, {"model": "products.product", "pk": 21, "fields": {"category": 6, "sku": "pp5003230723", "name": "Ickle bubba Stomp V2 2-in-1 Pushchair", "description": "Prams allow your baby to lie flat, which is essential until your baby can sit up comfortably – this will usually occur when they’re 3-6 months old, but this can vary.", "has_sizes": false, "price": "160.99", "image_url": "https://keyassets-p2.timeincuk.net/wp/prod/wp-content/uploads/sites/63/2020/11/Stomp-V4-scaled.jpg", "image": "pram_1.jpg"}}, {"model": "products.product", "pk": 22, "fields": {"category": 6, "sku": "pp5003270936", "name": "Britax B-MOTION 4 PLUS Pushchair - Cosmos Black", "description": "The B-MOTION 4 PLUS Pushchair - Cosmos Black is low on fuss but high on the important stuff. Like easy one-handed folding, multi-position recline, adjustable backrest and footrest, advanced weather protection, and superior rear suspension for a smooth ride. The B-MOTION 4 PLUS Pushchair - Cosmos Black also features puncture-free rubber tires, spacious storage and removable seat fabrics to ensure that your child has the most comfortable time possible. So you can relax and enjoy whatever the day has in store.", "has_sizes": false, "price": "175.00", "image_url": "https://hips.hearstapps.com/vader-prod.s3.amazonaws.com/1583445978-best-strollers-e-priam-electronic-stroller-1583445956.jpg", "image": "pram_2.jpg"}}, {"model": "products.product", "pk": 23, "fields": {"category": 6, "sku": "pp5003360384", "name": "Baby Pram Luxury Mirror Satin", "description": "A modern, multi-functional, elegant and exclusive Diamond strolley. It is characterized by a unique design, excellent workmanship, rich equipment and modern solutions. 6-point shock absorption, central brake, easy folding system, resistant high quality fabrics, ventilation system, gel wheels and many other details make Diamond the perfect multifunctional trolley every day.", "has_sizes": false, "price": "229.99", "image_url": "https://www.hogartrend.com/13044-large_default/baby-pram-luxury-mirror-satin.jpg", "image": "pram_3.jpg"}}, {"model": "products.product", "pk": 24, "fields": {"category": 6, "sku": "pp5003440111", "name": "Most Exclusive Tako Laret Imperial Grey + Silver Baby Pram Buggy Pushchair", "description": "Aluminum frame with a simple folding system and a double, adjustable suspension. System of MAX CLICK elements (seat unit possible to install both sides - front and back) makes this adjustable pushair with elegant eco leather every mother's dream come true.", "has_sizes": false, "price": "282.00", "image_url": "https://i.ebayimg.com/images/g/fKAAAOSw95BbrNyq/s-l1600.jpg", "image": "pram_4.jpg"}}, {"model": "products.product", "pk": 25, "fields": {"category": 6, "sku": "pp5003540313", "name": "PLDDY Prams High Landscape Egg Shell Baby Stroller 3 in 1", "description": "1.Stylish Dynamic Egg-Shaped Baby Stroller, Pu Leather Eggshell Seat, Effective Protect Baby'S Spine Development, Add Hidden Sleeping Basket, Adjustable Handlebar And Awning, Large Storage Basket. Rotate The Front Wheel With A Suspension Spring. Fully Adjustable 5-Point Harness. 2. Isluminer Alloy Frame Has A Good Luster. It Is Lighter Than Iron (Or Steel, Copper) And Never Rusts, So It Can Be Used For A Longer Period Of Time; Adjustable Handlebars Meet The Needs Of People Of Different Heights, Can Adjust The Most Comfortable Push Position; Reversible Stroller Seat Make It Easy For Babies To Face Their Parents Or Face The World. 3.No Need For Inflatable Rubber Explosion-Proof Wheels, And Can Easily Roll On All Rough Terrain, Such As Grass, Gravel Road, Sidewalk, Sand And So On. The Rotating Front Wheel Can Be Locked In A Precise Position, And The Suspension Spring Mounted On It Beneficial Absorbs Different Vibrations To Protect The Baby'S Brain And Body. The One-Button Parking Brake Brakes Both Rear Wheels Quickly And Thoroughly, Keeping The Baby Away From Danger And Risk.", "has_sizes": false, "price": "306.99", "image_url": "https://images-na.ssl-images-amazon.com/images/I/41Ojei5iRYL._AC_SX466_.jpg", "image": "pram_5.jpg"}}, {"model": "products.product", "pk": 26, "fields": {"category": 6, "sku": "pp5003560513", "name": "Silver Cross Pioneer Special Edition Pram and Simplicity Plus Car Seat - Henley / Black", "description": "Tailored in Henley and re-imagined in high quality flannel, the Pioneer Special Edition draws its inspiration from the great traditions of British tailoring. The luxurious brushed suiting fabric, the finely detailed stitching, the discreet application of chrome highlights - everything combines to elevate this robust pram, pushchair and travel system into a class of its own. The ultra robust and adventurous Pioneer delivers the ultimate in practicality with its inclusive carry cot and pushchair seat. It combines comfort, style and manoeuvrability. It's a true 3-in-1 system; pram, pushchair and travel system. Suitable from birth to toddler. The Silver Cross Pioneer was designed for life on the go – a 3-in-1 solution that’s as happy on city streets as it is in the countryside. With a seat unit and carrycot, the Pioneer lets your newborn sleep in the recommended lie-flat position, and the reversible seat unit lets older children face you or face the world. The padded apron and UPF50+ hood can be attached to the carrycot and pushchair.", "has_sizes": false, "price": "741.99", "image_url": "https://cdn.shopify.com/s/files/1/0304/8914/9576/products/silver-cross-prams-pushchairs-silver-cross-pioneer-special-edition-pram-and-simplicity-plus-car-seat-henley-black-5055836907882-17773353861256_1200x1200.jpg?v=1607775230", "image": "pram_6.jpg"}}, {"model": "products.product", "pk": 27, "fields": {"category": 6, "sku": "pp5003560948", "name": "Cybex Balios S Lux Pushchair – Magnolia Pink & Silver Frame", "description": "Meet the elegant member of the Cybex family: the Balios S Lux. With impressive features to make your adventures smooth, comfortable and cosy, we love the new Balios S Lux from premium brand Cybex. Part of the CYBEX 4-in-1 Travel System, the Balios S Lux accommodates a seat unit, an infant car seat, and the Cot S. With one hand it can be folded down to a self-standing position measuring 620 x 485 x 320 mm. The stroller is also suitable from birth, with a large seat that can be reclined to an ergonomic lie-flat position. You may also opt for the bassinet, Cybex Balios Cot S (sold separately). Travel in exceptional comfort over a variety of surfaces with super-soft suspension—mobility for you and uninterrupted sleep for your child. Go off-road with confidence with all-terrain wheels that won't puncture no matter how harsh the surface they have to handle. Allowing the steering level to be tailored to the height of the parent, the handlebar height can be easily adjusted with one hand. Shield your child from the elements with an extendable XXL sun canopy made of UPF50+ protective fabric, featuring a mesh window for breathability and healthy air circulation on hot days. A spacious shopping basket allows you to carry loads of up to 5 kg, making it a practical companion whether you're on a shopping trip or simply need a place to stow your shoulder bag.", "has_sizes": false, "price": "598.99", "image_url": "https://cdn.shopify.com/s/files/1/0453/1575/2096/products/cybex-cybex-balios-s-pushchair-bundle-including-aton-5-car-seat-magnolia-pink-28854479945888.jpg?v=1621588584", "image": "pram_7.jpg"}}, {"model": "products.product", "pk": 28, "fields": {"category": 5, "sku": "pp5003570628", "name": "Light Pink Shoes", "description": "Adorable pink shoes for your baby girl.", "has_sizes": false, "price": "8.99", "image_url": "https://plusandminors.ie/wp-content/uploads/2020/02/A6DBFE56-CD70-4E57-941A-94DFB32ED5D8.jpeg", "image": "shoes_1.jpg"}}, {"model": "products.product", "pk": 29, "fields": {"category": 5, "sku": "pp5003620308", "name": "Fun Leather Baby Shoes - Boto Pink Strawberry", "description": "Playful kittens or juicy strawberries – whichever design you choose, these appliquéd shoes are sure to raise a smile. Another reason to grin? They're super-secure, so they stay put even on the wriggliest kickers. Foam padding on the inside keeps little feet cushioned during those first steps. And because they're made from leather, they're hardwearing and durable.", "has_sizes": false, "price": "48.99", "image_url": "https://www.bodenimages.com/productimages/productlarge/21uspr_c0824_pnk.jpg", "image": "shoes_2.jpg"}}, {"model": "products.product", "pk": 30, "fields": {"category": 5, "sku": "pp5003690115", "name": "Baby Shoes Sneakers for Infant Toddler", "description": "Elastic and breathable fabric upper material with soft out sole for babies first walking with the thick and tender outsole.", "has_sizes": false, "price": "37.99", "image_url": "https://images-na.ssl-images-amazon.com/images/I/41%2BYSbCIEkL._AC_SY780_.jpg", "image": "shoes_3.jpg"}}, {"model": "products.product", "pk": 31, "fields": {"category": 5, "sku": "pp5003690116", "name": "Canvas Sneakers", "description": "A pair of cool canvas sneakers with anti-slip bottoms so your little one can rock the same style you do on the daily.", "has_sizes": false, "price": "33.99", "image_url": "https://img.buzzfeed.com/buzzfeed-static/static/2019-04/22/15/asset/buzzfeed-prod-web-02/sub-buzz-30035-1555962760-1.jpg?crop=1000:800;0,63", "image": "shoes_4.jpg"}}, {"model": "products.product", "pk": 32, "fields": {"category": 2, "sku": "pp5003780391", "name": "Boy T-Shirt", "description": "Snap button shoulder detail, short sleeves, masked dog print, 'blah' text print, 3D backplates. 100% cotton. Machine wash", "has_sizes": true, "price": "5.99", "image_url": "https://4.imimg.com/data4/XA/NB/MY-517220/baby-t-shirt-500x500.jpg", "image": "t_shirt_1.jpg"}}, {"model": "products.product", "pk": 33, "fields": {"category": 2, "sku": "pp5003790542", "name": "Liz Claiborne 300tc Liquid Cotton Set of 2 Pillowcases", "description": "Boy T-short made of 100% cotton. Washable. Imported.", "has_sizes": true, "price": "4.99", "image_url": "https://i.pinimg.com/originals/a9/2c/6a/a92c6a271a7ce192960eca4bf856cf5e.jpg", "image": "t_shirt_2.jpg"}}, {"model": "products.product", "pk": 34, "fields": {"category": 7, "sku": "pp5003831225", "name": "Musical Dinosaur Learning Baby Toy", "description": "This dino baby musical toys for 12 Months and up features high quality material construction, safety round corner design, polished smooth edges, burr-free, non-toxic, unbreakable and strong enough to withstand chewing and large enough to avoid choking hazard. Besides, it has battery cases that secure with screws so that kids cannot pry it open.", "has_sizes": false, "price": "13.99", "image_url": "https://images-na.ssl-images-amazon.com/images/I/712%2B0hfKDDL._AC_SL1500_.jpg", "image": "toy_1.jpg"}}, {"model": "products.product", "pk": 35, "fields": {"category": 7, "sku": "pp5003861402", "name": "Baby Einstein Take Along Tunes Musical Toy", "description": "This toy plays 10 different songs and has stimulating lights that are activated with a simple push of a button (a big, baby-friendly button). It has an easy-to-grab handle with four little beads on it that help with sensory development and are just fun to play with. It’s a favorite toy among parents and kids and is safe for babies as young as 3 months old.", "has_sizes": false, "price": "10.99", "image_url": "https://www.verywellfamily.com/thmb/Wi7HL1dkjoolt1O8e3KvgdJ4kuo=/1500x1500/smart/filters:no_upscale()/BabyEinsteinMusicaltoy-80f5c4b0d83c4b179aa74a7f233949b6.jpg", "image": "toy_2.jpg"}}, {"model": "products.product", "pk": 36, "fields": {"category": 7, "sku": "pp5003910638", "name": "Hungry Hippos Foot to Floor Push Riding Toy", "description": "The childhood classic game has morphed into a ride-on toy with the same head-bobbing, chomping action we all know and love. Push or roll over the seven included balls and watch Hippo gobble them up into his clear plastic belly.", "has_sizes": false, "price": "60.00", "image_url": "https://www.todaysparent.com/wp-content/uploads/2019/10/toys-for-babies-and-toddlers-hungry-hippos-1280x960.jpg", "image": "toy_3.jpg"}}, {"model": "products.product", "pk": 37, "fields": {"category": 7, "sku": "pp5003950574", "name": "Ball Pit", "description": "What a fun toy for baby and toddler – and how great that you can zip it up easily and store it. Plus, as they grow, those balls will come in handy…", "has_sizes": false, "price": "17.99", "image_url": "https://busytoddler.com/wp-content/uploads/2020/09/Baby-ball-pit-1-300x300.jpg", "image": "toy_4.jpg"}}, {"model": "products.product", "pk": 38, "fields": {"category": 7, "sku": "pp5003950576", "name": "Stacking Rings", "description": "There’s a reason these have been around since the dawn of baby time. They are a classic, the best, you need a good set of stacking rings for baby.", "has_sizes": false, "price": "12.99", "image_url": "https://busytoddler.com/wp-content/uploads/2020/09/5125hFusyL._AC_SL1488_-650x1024.jpg", "image": "toy_5.jpg"}}, {"model": "products.product", "pk": 44, "fields": {"category": 1, "sku": null, "name": "testing product", "description": "testing product", "has_sizes": false, "price": "50.49", "image_url": null, "image": "SD_04_T77_4128L_ZZ_X_EC_0.jpg"}}, {"model": "checkout.order", "pk": 1, "fields": {"order_number": "073089CFE057474BAE350633D5D103F0", "user_profile": null, "full_name": "test", "email": "fffff@gmail.com", "phone_number": "353958857857", "country": "Croatia", "postcode": "45285", "town_or_city": "Cork", "street_address1": "Meadow Avenue Hollyhill", "street_address2": null, "county": "County Cork", "date": "2021-08-03T20:45:42.407Z", "delivery_cost": "0.00", "order_total": "73.98", "grand_total": "73.98", "original_bag": "", "stripe_pid": ""}}, {"model": "checkout.order", "pk": 2, "fields": {"order_number": "48778DA3F9664A639B829E4C67C57144", "user_profile": null, "full_name": "test", "email": "fffff@gmail.com", "phone_number": "353958857857", "country": "Croatia", "postcode": "45285", "town_or_city": "Cork", "street_address1": "Meadow Avenue Hollyhill", "street_address2": null, "county": "County Cork", "date": "2021-08-03T20:50:27.357Z", "delivery_cost": "0.00", "order_total": "73.98", "grand_total": "73.98", "original_bag": "", "stripe_pid": ""}}, {"model": "checkout.order", "pk": 3, "fields": {"order_number": "0586EC2FD15C434294948F52EB7322C4", "user_profile": null, "full_name": "Matea", "email": "fffff@gmail.com", "phone_number": "+353958857857", "country": "Croatia", "postcode": "45285", "town_or_city": "Cork", "street_address1": "Meadow Avenue Hollyhill", "street_address2": "zizliluiluil", "county": "County Cork", "date": "2021-08-03T21:05:56.387Z", "delivery_cost": "0.00", "order_total": "148.97", "grand_total": "148.97", "original_bag": "", "stripe_pid": ""}}, {"model": "checkout.order", "pk": 5, "fields": {"order_number": "CE5781543D5C4CD3B6FAE1D441206B9D", "user_profile": null, "full_name": "Matea", "email": "fffff@gmail.com", "phone_number": "+353958857857", "country": "Croatia", "postcode": "45285", "town_or_city": "Cork", "street_address1": "Meadow Avenue Hollyhill", "street_address2": "zizliluiluil", "county": "County Cork", "date": "2021-08-03T21:46:21.841Z", "delivery_cost": "4.90", "order_total": "48.99", "grand_total": "53.89", "original_bag": "", "stripe_pid": ""}}, {"model": "checkout.order", "pk": 6, "fields": {"order_number": "D0908007B75149CD9E33F2BC65497431", "user_profile": null, "full_name": "Matea", "email": "fffff@gmail.com", "phone_number": "+353958857857", "country": "Croatia", "postcode": "45285", "town_or_city": "Cork", "street_address1": "Meadow Avenue Hollyhill", "street_address2": "zizliluiluil", "county": "County Cork", "date": "2021-08-03T22:00:51.720Z", "delivery_cost": "0.00", "order_total": "59.98", "grand_total": "59.98", "original_bag": "", "stripe_pid": ""}}, {"model": "checkout.order", "pk": 7, "fields": {"order_number": "CA432C987C4D42BF8BFEC8F8A2CF8878", "user_profile": null, "full_name": "Matea", "email": "fffff@gmail.com", "phone_number": "+353958857857", "country": "US", "postcode": "45285", "town_or_city": "Cork", "street_address1": "Meadow Avenue Hollyhill", "street_address2": null, "county": "County Cork", "date": "2021-08-04T21:26:22.460Z", "delivery_cost": "2.90", "order_total": "28.98", "grand_total": "31.88", "original_bag": "", "stripe_pid": ""}}, {"model": "checkout.order", "pk": 8, "fields": {"order_number": "B7FE12EC79C3477A83A7A52170382CCB", "user_profile": null, "full_name": "Matea", "email": "fffff@gmail.com", "phone_number": "+353958857857", "country": "IT", "postcode": "45285", "town_or_city": "Cork", "street_address1": "Meadow Avenue Hollyhill", "street_address2": null, "county": "County Cork", "date": "2021-08-04T21:28:41.901Z", "delivery_cost": "0.50", "order_total": "4.99", "grand_total": "5.49", "original_bag": "", "stripe_pid": ""}}, {"model": "checkout.order", "pk": 9, "fields": {"order_number": "4724E90E77E84460A3FD46939E50A698", "user_profile": null, "full_name": "Matea", "email": "fffff@gmail.com", "phone_number": "+353958857857", "country": "IT", "postcode": "45285", "town_or_city": "Cork", "street_address1": "Meadow Avenue Hollyhill", "street_address2": null, "county": "County Cork", "date": "2021-08-04T22:02:13.290Z", "delivery_cost": "0.00", "order_total": "58.99", "grand_total": "58.99", "original_bag": "", "stripe_pid": ""}}, {"model": "checkout.order", "pk": 10, "fields": {"order_number": "EA20696646C94771AF072918BED1FE1D", "user_profile": null, "full_name": "Matea", "email": "fffff@gmail.com", "phone_number": "+353958857857", "country": "IT", "postcode": "45285", "town_or_city": "Cork", "street_address1": "Meadow Avenue Hollyhill", "street_address2": null, "county": "County Cork", "date": "2021-08-04T22:02:18.822Z", "delivery_cost": "0.00", "order_total": "58.99", "grand_total": "58.99", "original_bag": "{\"2\": {\"items_by_size\": {\"m\": 1}}}", "stripe_pid": "pi_3JKs9fKpFIDDZy0315psecSi"}}, {"model": "checkout.order", "pk": 11, "fields": {"order_number": "B0A152BEB5E7493A8396BBC9D68D9D66", "user_profile": null, "full_name": "Matea", "email": "fffff@gmail.com", "phone_number": "+353958857857", "country": "IT", "postcode": "45285", "town_or_city": "Cork", "street_address1": "Meadow Avenue Hollyhill", "street_address2": null, "county": "County Cork", "date": "2021-08-04T22:10:51.671Z", "delivery_cost": "2.00", "order_total": "19.99", "grand_total": "21.99", "original_bag": "{\"4\": {\"items_by_size\": {\"m\": 1}}}", "stripe_pid": "pi_3JKsI8KpFIDDZy030xBKSO0y"}}, {"model": "checkout.order", "pk": 12, "fields": {"order_number": "19D23B23D9944EFCBFDA84384D907A04", "user_profile": null, "full_name": "Matea", "email": "fffff@gmail.com", "phone_number": "+353958857857", "country": "IT", "postcode": "45285", "town_or_city": "Cork", "street_address1": "Meadow Avenue Hollyhill", "street_address2": "paris", "county": "County Cork", "date": "2021-08-04T22:12:53.172Z", "delivery_cost": "2.00", "order_total": "19.99", "grand_total": "21.99", "original_bag": "{\"4\": {\"items_by_size\": {\"m\": 1}}}", "stripe_pid": "pi_3JKsJhKpFIDDZy031ncCtHnn"}}, {"model": "checkout.order", "pk": 13, "fields": {"order_number": "CC14664EF5C2475DBCA6BC8733B50971", "user_profile": null, "full_name": "Matea", "email": "fffff@gmail.com", "phone_number": "+353958857857", "country": "IT", "postcode": "45285", "town_or_city": "Cork", "street_address1": "Meadow Avenue Hollyhill", "street_address2": null, "county": "County Cork", "date": "2021-08-05T20:40:47.350Z", "delivery_cost": "2.00", "order_total": "19.99", "grand_total": "21.99", "original_bag": "{\"4\": {\"items_by_size\": {\"m\": 1}}}", "stripe_pid": "pi_3JLDMSKpFIDDZy030pSbbrfd"}}, {"model": "checkout.order", "pk": 14, "fields": {"order_number": "E676EFCE5D264C10A2BA72EDE962F256", "user_profile": null, "full_name": "Matea", "email": "fffff@gmail.com", "phone_number": "+353958857857", "country": "AT", "postcode": "45285", "town_or_city": "Cork", "street_address1": "Meadow Avenue Hollyhill", "street_address2": "zizliluiluil", "county": "County Cork", "date": "2021-08-05T22:29:40.389Z", "delivery_cost": "2.00", "order_total": "19.99", "grand_total": "21.99", "original_bag": "{\"4\": {\"items_by_size\": {\"m\": 1}}}", "stripe_pid": "pi_3JLF3uKpFIDDZy031JXtVdkv"}}, {"model": "checkout.order", "pk": 15, "fields": {"order_number": "ED9264F4FAD542EC9842AE32760CED72", "user_profile": null, "full_name": "Matea", "email": "fffff@gmail.com", "phone_number": "+353958857857", "country": "AT", "postcode": "45285", "town_or_city": "Cork", "street_address1": "Meadow Avenue Hollyhill", "street_address2": "zizliluiluil", "county": "County Cork", "date": "2021-08-06T07:27:29.174Z", "delivery_cost": "0.50", "order_total": "4.99", "grand_total": "5.49", "original_bag": "{\"33\": {\"items_by_size\": {\"m\": 1}}}", "stripe_pid": "pi_3JLNSWKpFIDDZy030N4k8M78"}}, {"model": "checkout.order", "pk": 16, "fields": {"order_number": "FDBEBF5DF8BE46A2B9E252D0CDB71C0B", "user_profile": 1, "full_name": "Matea", "email": "fffff@gmail.com", "phone_number": "+353958857857", "country": "HR", "postcode": "45285", "town_or_city": "Cork", "street_address1": "Meadow Avenue Hollyhill", "street_address2": "zizliluiluil", "county": "County Cork", "date": "2021-08-07T21:47:40.829Z", "delivery_cost": "0.00", "order_total": "102.98", "grand_total": "102.98", "original_bag": "{\"1\": {\"items_by_size\": {\"m\": 1}}, \"15\": {\"items_by_size\": {\"m\": 1}}}", "stripe_pid": "pi_3JLxMJKpFIDDZy031zqPwb2a"}}, {"model": "checkout.order", "pk": 17, "fields": {"order_number": "FD24DD369EBE4DEEB55EC5EAC9AA0EB8", "user_profile": 1, "full_name": "Matea", "email": "fffff@gmail.com", "phone_number": "+353958857857", "country": "HR", "postcode": "45285", "town_or_city": "Cork", "street_address1": "Meadow Avenue Hollyhill", "street_address2": "zizliluiluil", "county": "County Cork", "date": "2021-08-07T21:54:53.294Z", "delivery_cost": "0.60", "order_total": "5.99", "grand_total": "6.59", "original_bag": "{\"32\": {\"items_by_size\": {\"m\": 1}}}", "stripe_pid": "pi_3JLxTYKpFIDDZy031ANRrKVu"}}, {"model": "checkout.order", "pk": 18, "fields": {"order_number": "439A302D131D409593676A4473557B19", "user_profile": 1, "full_name": "Test User", "email": "test@test.com", "phone_number": "+353958857857", "country": "KM", "postcode": "45285", "town_or_city": "Cork", "street_address1": "Meadow Avenue Hollyhill", "street_address2": "zizliluiluil", "county": "County Cork", "date": "2021-08-07T22:06:26.352Z", "delivery_cost": "3.80", "order_total": "37.99", "grand_total": "41.79", "original_bag": "{\"30\": 1}", "stripe_pid": "pi_3JLxeaKpFIDDZy0303dMYaOR"}}, {"model": "checkout.order", "pk": 19, "fields": {"order_number": "8D51233E15F0438DA946E4B9E586ABBD", "user_profile": 1, "full_name": "Matea", "email": "fffff@gmail.com", "phone_number": "+353958857857", "country": "HR", "postcode": "45285", "town_or_city": "Cork", "street_address1": "Meadow Avenue Hollyhill", "street_address2": "zizliluiluil", "county": "County Cork", "date": "2021-08-07T22:14:07.382Z", "delivery_cost": "1.40", "order_total": "13.99", "grand_total": "15.39", "original_bag": "{\"34\": 1}", "stripe_pid": "pi_3JLxm8KpFIDDZy030BpJdoZY"}}, {"model": "checkout.order", "pk": 20, "fields": {"order_number": "A055D44FA34845AD845854BEA9C348E6", "user_profile": 1, "full_name": "iiiiiiii", "email": "test@test.com", "phone_number": "+353958857857", "country": "HR", "postcode": "45285", "town_or_city": "Cork", "street_address1": "Meadow Avenue Hollyhill", "street_address2": "zizliluiluil", "county": "County Cork", "date": "2021-08-07T22:29:32.546Z", "delivery_cost": "4.60", "order_total": "45.99", "grand_total": "50.59", "original_bag": "{\"12\": {\"items_by_size\": {\"m\": 1}}}", "stripe_pid": "pi_3JLy0zKpFIDDZy0302gorLZN"}}, {"model": "checkout.order", "pk": 21, "fields": {"order_number": "6DF5734693954AECADDC57E645F18C8F", "user_profile": 1, "full_name": "ijoijoij", "email": "test@test.com", "phone_number": "+353958857857", "country": "HR", "postcode": "45285", "town_or_city": "Cork", "street_address1": "Meadow Avenue Hollyhill", "street_address2": "zizliluiluil", "county": "County Cork", "date": "2021-08-07T22:39:33.067Z", "delivery_cost": "1.80", "order_total": "17.99", "grand_total": "19.79", "original_bag": "{\"37\": 1}", "stripe_pid": "pi_3JLyAjKpFIDDZy030XOmykdb"}}, {"model": "checkout.order", "pk": 22, "fields": {"order_number": "25A5BB3715B64ECE8D1E559D7D4CEB5D", "user_profile": 1, "full_name": "Testing confirmation email", "email": "test@test.com", "phone_number": "+353958857857", "country": "HR", "postcode": "45285", "town_or_city": "Cork", "street_address1": "Meadow Avenue Hollyhill", "street_address2": "zizliluiluil", "county": "County Cork", "date": "2021-08-07T22:56:39.063Z", "delivery_cost": "0.00", "order_total": "229.99", "grand_total": "229.99", "original_bag": "{\"23\": 1}", "stripe_pid": "pi_3JLyRAKpFIDDZy0315QoMcyR"}}, {"model": "checkout.order", "pk": 23, "fields": {"order_number": "8A4B94E56A9B41E782DAC8553B14712D", "user_profile": 1, "full_name": "Matea", "email": "babycornershop@example.com", "phone_number": "+353958857857", "country": "HR", "postcode": "45285", "town_or_city": "Cork", "street_address1": "Meadow Avenue Hollyhill", "street_address2": "zizliluiluil", "county": "County Cork", "date": "2021-08-07T22:59:07.581Z", "delivery_cost": "2.00", "order_total": "19.99", "grand_total": "21.99", "original_bag": "{\"4\": {\"items_by_size\": {\"m\": 1}}}", "stripe_pid": "pi_3JLyT6KpFIDDZy0302HAg44W"}}, {"model": "checkout.order", "pk": 24, "fields": {"order_number": "ADDDBCA29C584A83957A36C4D8756CFC", "user_profile": 1, "full_name": "Matea", "email": "fffff@gmail.com", "phone_number": "+353958857857", "country": "HR", "postcode": "45285", "town_or_city": "Cork", "street_address1": "Meadow Avenue Hollyhill", "street_address2": "zizliluiluil", "county": "County Cork", "date": "2021-08-07T23:05:19.039Z", "delivery_cost": "1.30", "order_total": "12.99", "grand_total": "14.29", "original_bag": "{\"38\": 1}", "stripe_pid": "pi_3JLyZdKpFIDDZy031QiGOpwf"}}, {"model": "checkout.order", "pk": 25, "fields": {"order_number": "28501EFB203F454B91B1C3D0FDD2040A", "user_profile": 1, "full_name": "Matea", "email": "fffff@gmail.com", "phone_number": "+353958857857", "country": "HR", "postcode": "45285", "town_or_city": "Cork", "street_address1": "Meadow Avenue Hollyhill", "street_address2": "zizliluiluil", "county": "County Cork", "date": "2021-08-07T23:09:16.789Z", "delivery_cost": "4.90", "order_total": "48.99", "grand_total": "53.89", "original_bag": "{\"29\": 1}", "stripe_pid": "pi_3JLydXKpFIDDZy031HVTXn77"}}, {"model": "checkout.order", "pk": 26, "fields": {"order_number": "ABC4E76B4EB84320816005A9EF1D18F9", "user_profile": 2, "full_name": "Matea", "email": "fffff@gmail.com", "phone_number": "+353958857857", "country": "HR", "postcode": "45285", "town_or_city": "Cork", "street_address1": "Meadow Avenue Hollyhill", "street_address2": "zizliluiluil", "county": "County Cork", "date": "2021-08-09T07:45:59.589Z", "delivery_cost": "4.60", "order_total": "45.99", "grand_total": "50.59", "original_bag": "{\"12\": {\"items_by_size\": {\"m\": 1}}}", "stripe_pid": "pi_3JMTB6KpFIDDZy031awMcOAM"}}, {"model": "checkout.orderlineitem", "pk": 1, "fields": {"order": 1, "product": 15, "product_size": "m", "quantity": 1, "lineitem_total": "48.99"}}, {"model": "checkout.orderlineitem", "pk": 2, "fields": {"order": 1, "product": 17, "product_size": "m", "quantity": 1, "lineitem_total": "24.99"}}, {"model": "checkout.orderlineitem", "pk": 3, "fields": {"order": 2, "product": 15, "product_size": "m", "quantity": 1, "lineitem_total": "48.99"}}, {"model": "checkout.orderlineitem", "pk": 4, "fields": {"order": 2, "product": 17, "product_size": "m", "quantity": 1, "lineitem_total": "24.99"}}, {"model": "checkout.orderlineitem", "pk": 5, "fields": {"order": 3, "product": 2, "product_size": "m", "quantity": 2, "lineitem_total": "117.98"}}, {"model": "checkout.orderlineitem", "pk": 6, "fields": {"order": 3, "product": 6, "product_size": "m", "quantity": 1, "lineitem_total": "30.99"}}, {"model": "checkout.orderlineitem", "pk": 8, "fields": {"order": 5, "product": 29, "product_size": null, "quantity": 1, "lineitem_total": "48.99"}}, {"model": "checkout.orderlineitem", "pk": 9, "fields": {"order": 6, "product": 15, "product_size": "m", "quantity": 1, "lineitem_total": "48.99"}}, {"model": "checkout.orderlineitem", "pk": 10, "fields": {"order": 6, "product": 35, "product_size": null, "quantity": 1, "lineitem_total": "10.99"}}, {"model": "checkout.orderlineitem", "pk": 11, "fields": {"order": 7, "product": 3, "product_size": "m", "quantity": 1, "lineitem_total": "23.99"}}, {"model": "checkout.orderlineitem", "pk": 12, "fields": {"order": 7, "product": 33, "product_size": "m", "quantity": 1, "lineitem_total": "4.99"}}, {"model": "checkout.orderlineitem", "pk": 13, "fields": {"order": 8, "product": 33, "product_size": "m", "quantity": 1, "lineitem_total": "4.99"}}, {"model": "checkout.orderlineitem", "pk": 14, "fields": {"order": 9, "product": 2, "product_size": "m", "quantity": 1, "lineitem_total": "58.99"}}, {"model": "checkout.orderlineitem", "pk": 15, "fields": {"order": 10, "product": 2, "product_size": "m", "quantity": 1, "lineitem_total": "58.99"}}, {"model": "checkout.orderlineitem", "pk": 16, "fields": {"order": 11, "product": 4, "product_size": "m", "quantity": 1, "lineitem_total": "19.99"}}, {"model": "checkout.orderlineitem", "pk": 17, "fields": {"order": 12, "product": 4, "product_size": "m", "quantity": 1, "lineitem_total": "19.99"}}, {"model": "checkout.orderlineitem", "pk": 18, "fields": {"order": 13, "product": 4, "product_size": "m", "quantity": 1, "lineitem_total": "19.99"}}, {"model": "checkout.orderlineitem", "pk": 19, "fields": {"order": 14, "product": 4, "product_size": "m", "quantity": 1, "lineitem_total": "19.99"}}, {"model": "checkout.orderlineitem", "pk": 20, "fields": {"order": 15, "product": 33, "product_size": "m", "quantity": 1, "lineitem_total": "4.99"}}, {"model": "checkout.orderlineitem", "pk": 21, "fields": {"order": 16, "product": 1, "product_size": "m", "quantity": 1, "lineitem_total": "53.99"}}, {"model": "checkout.orderlineitem", "pk": 22, "fields": {"order": 16, "product": 15, "product_size": "m", "quantity": 1, "lineitem_total": "48.99"}}, {"model": "checkout.orderlineitem", "pk": 23, "fields": {"order": 17, "product": 32, "product_size": "m", "quantity": 1, "lineitem_total": "5.99"}}, {"model": "checkout.orderlineitem", "pk": 24, "fields": {"order": 18, "product": 30, "product_size": null, "quantity": 1, "lineitem_total": "37.99"}}, {"model": "checkout.orderlineitem", "pk": 25, "fields": {"order": 19, "product": 34, "product_size": null, "quantity": 1, "lineitem_total": "13.99"}}, {"model": "checkout.orderlineitem", "pk": 26, "fields": {"order": 20, "product": 12, "product_size": "m", "quantity": 1, "lineitem_total": "45.99"}}, {"model": "checkout.orderlineitem", "pk": 27, "fields": {"order": 21, "product": 37, "product_size": null, "quantity": 1, "lineitem_total": "17.99"}}, {"model": "checkout.orderlineitem", "pk": 28, "fields": {"order": 22, "product": 23, "product_size": null, "quantity": 1, "lineitem_total": "229.99"}}, {"model": "checkout.orderlineitem", "pk": 29, "fields": {"order": 23, "product": 4, "product_size": "m", "quantity": 1, "lineitem_total": "19.99"}}, {"model": "checkout.orderlineitem", "pk": 30, "fields": {"order": 24, "product": 38, "product_size": null, "quantity": 1, "lineitem_total": "12.99"}}, {"model": "checkout.orderlineitem", "pk": 31, "fields": {"order": 25, "product": 29, "product_size": null, "quantity": 1, "lineitem_total": "48.99"}}, {"model": "checkout.orderlineitem", "pk": 32, "fields": {"order": 26, "product": 12, "product_size": "m", "quantity": 1, "lineitem_total": "45.99"}}, {"model": "profiles.userprofile", "pk": 1, "fields": {"user": 2, "default_phone_number": "+353958857857", "default_street_address1": "Meadow Avenue Hollyhill", "default_street_address2": "zizliluiluil", "default_town_or_city": "Cork", "default_county": "County Cork", "default_postcode": "45285", "default_country": "HR"}}, {"model": "profiles.userprofile", "pk": 2, "fields": {"user": 3, "default_phone_number": "+353958857857", "default_street_address1": "Meadow Avenue Hollyhill", "default_street_address2": "zizliluiluil", "default_town_or_city": "Cork", "default_county": "County Cork", "default_postcode": "45285", "default_country": "HR"}}]